{
  "timestamp": "2025-07-07T14:02:18.096734",
  "files_analyzed": 10,
  "total_notes": 23689,
  "musical_statistics": {
    "pitch_analysis": {
      "range": [
        24,
        101
      ],
      "mean": 62.58786778673646,
      "std": 14.36099083919652,
      "most_common": [
        [
          52,
          848
        ],
        [
          57,
          769
        ],
        [
          59,
          754
        ],
        [
          64,
          741
        ],
        [
          71,
          654
        ],
        [
          55,
          639
        ],
        [
          60,
          623
        ],
        [
          62,
          623
        ],
        [
          76,
          605
        ],
        [
          67,
          597
        ]
      ]
    },
    "velocity_analysis": {
      "range": [
        14,
        117
      ],
      "mean": 52.6316433787834,
      "std": 18.09793167957868,
      "distribution": [
        1457,
        5183,
        5814,
        5027,
        4054,
        1812,
        303,
        39
      ]
    },
    "duration_analysis": {
      "range": [
        0.010000000000005116,
        6.268944249999997
      ],
      "mean": 0.2611898757747091,
      "std": 0.3775794679039427,
      "short_notes": 17693,
      "medium_notes": 5114,
      "long_notes": 882
    }
  },
  "transformation_examples": [
    {
      "file": "waldstein_1.mid",
      "basic_stats": {
        "filename": "waldstein_1.mid",
        "duration_seconds": 618.4325552999968,
        "num_instruments": 2,
        "total_notes": 8576,
        "instruments": [
          {
            "name": "Piano right",
            "program": 